{"mu": 350.7782771842751, "sigma": 23.720573206369483, "z": 0.39545678758367453}