{"mu": 350.7758207803277, "sigma": 23.738828900870853, "z": 0.3957281280910684}